{"cameraMode":{"drawMode":0,"name":"Shaded","section":"Shading Mode"},"sceneLighting":true,"audioPlay":false,"sceneViewState":{"showFog":false,"showMaterialUpdate":false,"showSkybox":false,"showFlares":true,"showImageEffects":true,"showParticleSystems":true},"in2DMode":false,"pivot":{"x":14322.8359375,"y":29424.708984375,"z":9137.5068359375},"rotation":{"x":-0.29009750485420229,"y":0.003960714675486088,"z":-0.001125415088608861,"w":-0.9570630192756653},"size":91017.4375,"orthographic":false}